{"accuracy": [0.3780236542224884, 0.5625, 0.7123419642448425, 0.84375, 0.791575014591217, 0.84375, 0.8344557285308838, 0.78125, 0.853559672832489, 0.84375], "loss": [2.0362255573272705, 0.9613168239593506, 0.8197757601737976, 0.3893370032310486, 0.5621498823165894, 0.4888596832752228, 0.4476882517337799, 0.3856315016746521, 0.4054526090621948, 0.3944680392742157], "val_accuracy": [0.8459526300430298, 0.8694933652877808, 0.9381883144378662, 0.9489262104034424, 0.9613161087036133, 0.9705396294593811, 0.95870041847229, 0.9724669456481934, 0.9536068439483643, 0.971640944480896], "val_loss": [0.4633910059928894, 0.3996410071849823, 0.21523623168468475, 0.18697190284729004, 0.11984198540449142, 0.10015200823545456, 0.11199185997247696, 0.08349590003490448, 0.12459972500801086, 0.08550708740949631]}