{
  "test_accuracy": 0.9831249713897705,
  "test_loss": 0.0434255450963974,
  "detailed_accuracy": 0.9811100746268657,
  "simplified_accuracy": 0.9981343283582089,
  "per_class_accuracy": {
    "Apple 10": 1.0,
    "Apple 11": 1.0,
    "Apple 12": 1.0,
    "Apple 13": 1.0,
    "Apple 14": 0.948051948051948,
    "Apple 17": 0.9711934156378601,
    "Apple 18": 0.9506172839506173,
    "Apple 19": 1.0,
    "Apple 5": 1.0,
    "Apple 7": 1.0,
    "Apple 8": 1.0,
    "Apple 9": 1.0,
    "Tomato 1": 0.9490740740740741,
    "Tomato 10": 1.0,
    "Tomato 5": 0.9099099099099099,
    "Tomato 7": 1.0,
    "Tomato 8": 1.0,
    "Tomato 9": 0.8870292887029289,
    "Tomato Cherry Maroon 1": 1.0,
    "Tomato Cherry Orange 1": 1.0,
    "Tomato Cherry Red 2": 1.0,
    "Tomato Cherry Yellow 1": 1.0,
    "Tomato Maroon 2": 1.0
  },
  "training_epochs": 20,
  "final_training_accuracy": 0.9200174808502197,
  "final_validation_accuracy": 0.9793750047683716
}